GeoID,County,Area,Number_of_Cases,Total_Population,White,Black_AfricanAmerican,AIAN,Asian,NativeHawaian_PacificIslander,Other,Two_or_More_Races,percent_White,percent_Black_AfricanAmerican,percent_AIAN,percent_Asian,percent_NativeHawaian_PacificIslander,percent_Other,percent_Two_or_More_Races
35001000107,Bernalillo,East Gateway,5,2442,2202,76,126,3,0,35,0,90.17,3.11,5.16,0.12,0,1.43,0
35001000108,Bernalillo,Comanche Juan Tabo,20,3216,2141,69,373,0,0,498,135,66.57,2.15,11.6,0,0,15.49,4.2
35001000109,Bernalillo,Comanche Juan Tabo,5,2386,1999,69,189,14,0,74,41,83.78,2.89,7.92,0.59,0,3.1,1.72
35001000110,Bernalillo,Comanche Juan Tabo,29,4003,2988,26,135,10,25,601,218,74.64,0.65,3.37,0.25,0.62,15.01,5.45
35001000111,Bernalillo,Comanche Juan Tabo,17,2966,2254,142,14,142,0,273,141,75.99,4.79,0.47,4.79,0,9.2,4.75
35001000112,Bernalillo,East Gateway,10,1992,1722,45,14,20,0,31,160,86.45,2.26,0.7,1,0,1.56,8.03
35001000113,Bernalillo,Comanche Juan Tabo,7,3660,2716,141,216,28,12,393,154,74.21,3.85,5.9,0.77,0.33,10.74,4.21
35001000114,Bernalillo,Comanche Juan Tabo,11,3020,2121,143,41,55,0,518,142,70.23,4.74,1.36,1.82,0,17.15,4.7
35001000115,Bernalillo,Indian School Juan Tabo,17,3406,2257,173,429,64,0,374,109,66.27,5.08,12.6,1.88,0,10.98,3.2
35001000116,Bernalillo,Indian School Juan Tabo,10,2881,2548,30,117,26,0,117,43,88.44,1.04,4.06,0.9,0,4.06,1.49
35001000117,Bernalillo,Montgomery Moon,15,2547,1789,14,83,38,0,526,97,70.24,0.55,3.26,1.49,0,20.65,3.81
35001000118,Bernalillo,Montgomery Louisiana,16,2313,1782,76,136,33,0,273,13,77.04,3.29,5.88,1.43,0,11.8,0.56
35001000119,Bernalillo,Montgomery Louisiana,1,1887,1595,91,14,22,0,102,63,84.53,4.82,0.74,1.17,0,5.41,3.34
35001000120,Bernalillo,Montgomery Moon,18,2991,2147,68,196,113,0,386,81,71.78,2.27,6.55,3.78,0,12.91,2.71
35001000121,Bernalillo,Indian School Pennsylvania,53,5489,4064,498,241,172,0,133,381,74.04,9.07,4.39,3.13,0,2.42,6.94
35001000122,Bernalillo,Indian School Pennsylvania,14,4535,3933,55,23,199,0,250,75,86.73,1.21,0.51,4.39,0,5.51,1.65
35001000123,Bernalillo,Indian School Pennsylvania,28,4403,3455,324,234,38,0,269,83,78.47,7.36,5.31,0.86,0,6.11,1.89
35001000124,Bernalillo,Indian School Pennsylvania,51,3956,2728,229,322,7,123,475,72,68.96,5.79,8.14,0.18,3.11,12.01,1.82
35001000125,Bernalillo,East Gateway,8,3841,3230,53,54,273,0,170,61,84.09,1.38,1.41,7.11,0,4.43,1.59
35001000126,Bernalillo,Indian School Juan Tabo,12,2531,2061,40,160,32,0,164,74,81.43,1.58,6.32,1.26,0,6.48,2.92
35001000127,Bernalillo,Indian School Juan Tabo,14,2871,1908,1,279,13,0,513,157,66.46,0.03,9.72,0.45,0,17.87,5.47
35001000128,Bernalillo,Indian School Juan Tabo,16,3432,2206,214,335,164,0,377,136,64.28,6.24,9.76,4.78,0,10.98,3.96
35001000129,Bernalillo,Indian School Juan Tabo,21,4067,2812,203,251,262,0,317,222,69.14,4.99,6.17,6.44,0,7.79,5.46
35001000203,Bernalillo,Montgomery Louisiana,11,1791,1279,39,137,22,0,218,96,71.41,2.18,7.65,1.23,0,12.17,5.36
35001000204,Bernalillo,Comanche Carlysle,21,3013,2071,83,58,68,0,494,239,68.74,2.75,1.92,2.26,0,16.4,7.93
35001000205,Bernalillo,Comanche Carlysle,25,3355,2606,61,281,51,0,244,112,77.68,1.82,8.38,1.52,0,7.27,3.34
35001000206,Bernalillo,Montgomery Louisiana,17,2850,2340,112,51,35,0,158,154,82.11,3.93,1.79,1.23,0,5.54,5.4
35001000207,Bernalillo,Indian School Pennsylvania,25,2791,2144,76,48,67,0,386,70,76.82,2.72,1.72,2.4,0,13.83,2.51
35001000208,Bernalillo,Comanche Carlysle,9,3013,1836,11,248,21,0,738,159,60.94,0.37,8.23,0.7,0,24.49,5.28
35001000300,Bernalillo,Lomas Girard,39,5882,5046,89,194,174,57,66,256,85.79,1.51,3.3,2.96,0.97,1.12,4.35
35001000401,Bernalillo,Lomas San Mateo,22,4285,3297,0,187,389,0,177,235,76.94,0,4.36,9.08,0,4.13,5.48
35001000402,Bernalillo,Lomas San Mateo,14,3565,3089,35,3,140,0,58,240,86.65,0.98,0.08,3.93,0,1.63,6.73
35001000501,Bernalillo,Lomas San Mateo,31,3080,2125,92,406,33,0,296,128,68.99,2.99,13.18,1.07,0,9.61,4.16
35001000502,Bernalillo,Lomas San Mateo,23,4747,3797,115,210,144,0,216,265,79.99,2.42,4.42,3.03,0,4.55,5.58
35001000601,Bernalillo,Indian School Pennsylvania,27,4009,2931,79,109,158,0,672,60,73.11,1.97,2.72,3.94,0,16.76,1.5
35001000603,Bernalillo,Central Penn,68,4638,2802,321,465,65,0,882,103,60.41,6.92,10.03,1.4,0,19.02,2.22
35001000604,Bernalillo,,102,3885,1999,107,282,70,0,1297,130,51.45,2.75,7.26,1.8,0,33.38,3.35
35001000704,Bernalillo,Central Tabo,24,3362,2596,69,158,64,0,306,169,77.22,2.05,4.7,1.9,0,9.1,5.03
35001000707,Bernalillo,Central Tabo,71,6374,4780,218,120,0,0,851,405,74.99,3.42,1.88,0,0,13.35,6.35
35001000708,Bernalillo,Central Tabo,76,6327,4231,414,293,111,0,942,336,66.87,6.54,4.63,1.75,0,14.89,5.31
35001000710,Bernalillo,East Gateway,22,7403,5772,248,359,487,0,247,290,77.97,3.35,4.85,6.58,0,3.34,3.92
35001000711,Bernalillo,East Gateway,10,4793,4135,99,241,85,0,28,205,86.27,2.07,5.03,1.77,0,0.58,4.28
35001000712,Bernalillo,Central Tabo,21,4187,3190,129,355,54,12,295,152,76.19,3.08,8.48,1.29,0.29,7.05,3.63
35001000713,Bernalillo,Central Tabo,55,5649,3724,262,701,84,0,437,441,65.92,4.64,12.41,1.49,0,7.74,7.81
35001000714,Bernalillo,Central Tabo,39,5002,2631,130,749,883,0,279,330,52.6,2.6,14.97,17.65,0,5.58,6.6
35001000801,Military Bases,,23,4015,3246,346,8,85,0,50,280,80.85,8.62,0.2,2.12,0,1.25,6.97
35001000901,Bernalillo,Central Penn,87,7198,4564,318,873,68,0,961,414,63.41,4.42,12.13,0.94,0,13.35,5.75
35001000903,Bernalillo,Central Penn,41,5540,3435,439,898,61,0,400,307,62,7.92,16.21,1.1,0,7.22,5.54
35001000904,Bernalillo,Central Penn,17,4287,2772,121,170,132,13,959,120,64.66,2.82,3.97,3.08,0.3,22.37,2.8
35001001101,Bernalillo,Lomas San Mateo,21,4571,3436,73,89,143,12,420,398,75.17,1.6,1.95,3.13,0.26,9.19,8.71
35001001102,Bernalillo,Gibson University,11,3024,2637,160,109,11,0,86,21,87.2,5.29,3.6,0.36,0,2.84,0.69
35001001200,Bernalillo,Gibson University,82,6909,4629,703,282,423,0,616,256,67,10.18,4.08,6.12,0,8.92,3.71
35001001300,Bernalillo,Rio Bravo Second,60,4068,2189,95,253,0,0,1131,400,53.81,2.34,6.22,0,0,27.8,9.83
35001001400,Bernalillo,Lomas Broadway,25,2790,1622,130,44,0,0,692,302,58.14,4.66,1.58,0,0,24.8,10.82
35001001500,Bernalillo,Lomas Broadway,20,2124,1694,46,13,72,0,40,259,79.76,2.17,0.61,3.39,0,1.88,12.19
35001001600,Bernalillo,Gibson University,14,2447,1457,30,343,144,10,316,147,59.54,1.23,14.02,5.88,0.41,12.91,6.01
35001001700,Bernalillo,Lomas Girard,20,4494,3890,43,68,80,0,195,218,86.56,0.96,1.51,1.78,0,4.34,4.85
35001001800,Bernalillo,Lomas Girard,8,2070,1158,62,150,197,0,392,111,55.94,3,7.25,9.52,0,18.94,5.36
35001001900,Bernalillo,Lomas Girard,8,982,828,34,42,33,0,19,26,84.32,3.46,4.28,3.36,0,1.93,2.65
35001002000,Bernalillo,Lomas Broadway,13,2272,1404,32,177,120,0,258,281,61.8,1.41,7.79,5.28,0,11.36,12.37
35001002100,Bernalillo,Lomas Broadway,20,1468,843,106,143,8,0,299,69,57.43,7.22,9.74,0.54,0,20.37,4.7
35001002200,Bernalillo,Lomas Broadway,17,3068,2150,107,180,53,0,145,433,70.08,3.49,5.87,1.73,0,4.73,14.11
35001002300,Bernalillo,Central Coors,88,9017,6788,78,54,13,0,1910,174,75.28,0.87,0.6,0.14,0,21.18,1.93
35001002401,Bernalillo,Central Coors,41,5270,3489,153,91,7,0,1239,291,66.2,2.9,1.73,0.13,0,23.51,5.52
35001002402,Bernalillo,Central Coors,91,7739,4301,286,403,0,0,2232,517,55.58,3.7,5.21,0,0,28.84,6.68
35001002500,Bernalillo,Lomas Broadway,18,3020,2582,66,0,13,0,62,297,85.5,2.19,0,0.43,0,2.05,9.83
35001002600,Bernalillo,Lomas Broadway,3,1047,821,7,69,0,0,96,54,78.41,0.67,6.59,0,0,9.17,5.16
35001002700,Bernalillo,Lomas Broadway,19,4160,3225,56,194,25,0,387,273,77.52,1.35,4.66,0.6,0,9.3,6.56
35001002900,Bernalillo,Candelaria Second,28,4380,3428,33,268,33,0,449,169,78.26,0.75,6.12,0.75,0,10.25,3.86
35001003001,Bernalillo,Candelaria Second,16,5008,3709,30,187,0,0,823,259,74.06,0.6,3.73,0,0,16.43,5.17
35001003002,Bernalillo,Montano Rio Grande,8,4391,3456,70,83,22,0,653,107,78.71,1.59,1.89,0.5,0,14.87,2.44
35001003100,Bernalillo,Montano Rio Grande,9,2699,2523,22,47,13,0,67,27,93.48,0.82,1.74,0.48,0,2.48,1
35001003201,Bernalillo,Candelaria Second,21,2603,1977,41,31,41,0,454,59,75.95,1.58,1.19,1.58,0,17.44,2.27
35001003202,Bernalillo,Candelaria Second,25,5043,3393,0,213,12,0,1113,312,67.28,0,4.22,0.24,0,22.07,6.19
35001003400,Bernalillo,Comanche Carlysle,106,4343,2538,261,486,6,0,851,201,58.44,6.01,11.19,0.14,0,19.59,4.63
35001003501,Bernalillo,Alameda Edith,44,6153,4948,57,11,0,0,1021,116,80.42,0.93,0.18,0,0,16.59,1.89
35001003502,Bernalillo,Montano Rio Grande,32,5195,4238,2,17,13,0,641,284,81.58,0.04,0.33,0.25,0,12.34,5.47
35001003600,Bernalillo,Alameda Edith,54,6839,5212,0,262,204,0,1161,0,76.21,0,3.83,2.98,0,16.98,0
35001003707,Bernalillo,Montgomery Louisiana,38,4416,3494,0,126,0,0,514,282,79.12,0,2.85,0,0,11.64,6.39
35001003712,Bernalillo,Paseo Ventura,48,5254,4061,62,22,331,0,473,305,77.29,1.18,0.42,6.3,0,9,5.81
35001003714,Bernalillo,Montgomery Louisiana,47,7500,4993,333,692,228,0,869,385,66.57,4.44,9.23,3.04,0,11.59,5.13
35001003715,Bernalillo,Paseo Ventura,33,3919,3356,59,10,180,0,286,28,85.63,1.51,0.26,4.59,0,7.3,0.71
35001003717,Bernalillo,Montgomery Moon,40,5327,4087,35,293,324,0,485,103,76.72,0.66,5.5,6.08,0,9.1,1.93
35001003718,Bernalillo,Montgomery Moon,12,2527,1703,60,53,372,0,249,90,67.39,2.37,2.1,14.72,0,9.85,3.56
35001003719,Bernalillo,Academy Tramway,74,5795,3989,302,249,231,0,934,90,68.84,5.21,4.3,3.99,0,16.12,1.55
35001003721,Bernalillo,Academy Tramway,19,6812,5679,242,31,385,0,236,239,83.37,3.55,0.46,5.65,0,3.46,3.51
35001003722,Bernalillo,Paseo Louisiana,45,6430,4697,19,6,765,0,508,435,73.05,0.3,0.09,11.9,0,7.9,6.77
35001003723,Bernalillo,Paseo Louisiana,31,5760,4383,197,308,216,0,446,210,76.09,3.42,5.35,3.75,0,7.74,3.65
35001003724,Bernalillo,Paseo Louisiana,13,3181,2681,43,35,87,2,252,81,84.28,1.35,1.1,2.73,0.06,7.92,2.55
35001003725,Bernalillo,Paseo Louisiana,21,4096,3443,63,153,0,0,256,181,84.06,1.54,3.74,0,0,6.25,4.42
35001003726,Bernalillo,Academy Tramway,8,2603,2254,0,0,147,0,126,76,86.59,0,0,5.65,0,4.84,2.92
35001003728,Bernalillo,Academy Tramway,35,4192,3260,45,235,86,0,242,324,77.77,1.07,5.61,2.05,0,5.77,7.73
35001003729,Bernalillo,Academy Tramway,8,2190,1895,18,52,135,0,66,24,86.53,0.82,2.37,6.16,0,3.01,1.1
35001003730,Bernalillo,Paseo Ventura,26,4630,3595,110,0,474,0,255,196,77.65,2.38,0,10.24,0,5.51,4.23
35001003731,Bernalillo,Paseo Ventura,48,3892,3420,0,135,170,0,109,58,87.87,0,3.47,4.37,0,2.8,1.49
35001003732,Bernalillo,Paseo Ventura,45,6871,5150,220,15,1044,0,100,342,74.95,3.2,0.22,15.19,0,1.46,4.98
35001003733,Bernalillo,Comanche Carlysle,36,3613,1795,562,369,26,0,721,140,49.68,15.55,10.21,0.72,0,19.96,3.87
35001003735,Bernalillo,Alameda Edith,43,6785,4873,221,233,314,0,913,231,71.82,3.26,3.43,4.63,0,13.46,3.4
35001003736,Bernalillo,,83,2178,1195,60,143,97,0,488,195,54.87,2.75,6.57,4.45,0,22.41,8.95
35001003737,Bernalillo,Academy Tramway,9,2785,2182,0,59,264,0,204,76,78.35,0,2.12,9.48,0,7.32,2.73
35001003738,Bernalillo,Academy Tramway,14,4868,3699,54,438,122,0,324,231,75.99,1.11,9,2.51,0,6.66,4.75
35001003803,Bernalillo,East Mountain,6,3384,3297,0,51,0,0,19,17,97.43,0,1.51,0,0,0.56,0.5
35001003804,Bernalillo,East Mountain,9,5873,5229,0,66,248,0,13,317,89.03,0,1.12,4.22,0,0.22,5.4
35001003805,Bernalillo,East Mountain,3,2406,1841,7,0,0,0,258,300,76.52,0.29,0,0,0,10.72,12.47
35001003806,Bernalillo,East Mountain,9,3496,3298,19,75,28,0,18,58,94.34,0.54,2.15,0.8,0,0.51,1.66
35001003807,Bernalillo,East Mountain,16,4573,4072,13,140,99,0,89,160,89.04,0.28,3.06,2.16,0,1.95,3.5
35001004001,Bernalillo,Rio Bravo Second,47,5304,4235,59,53,20,0,881,56,79.85,1.11,1,0.38,0,16.61,1.06
35001004300,Bernalillo,Arenal Tapia,46,5604,3919,163,113,0,0,1228,181,69.93,2.91,2.02,0,0,21.91,3.23
35001004401,Bernalillo,Arenal Tapia,37,3450,3011,46,34,0,0,323,36,87.28,1.33,0.99,0,0,9.36,1.04
35001004402,Bernalillo,Arenal Tapia,60,4070,3028,0,94,89,37,739,83,74.4,0,2.31,2.19,0.91,18.16,2.04
35001004501,Bernalillo,Arenal Tapia,32,3322,2737,0,0,0,0,571,14,82.39,0,0,0,0,17.19,0.42
35001004502,Bernalillo,Arenal Tapia,30,4152,2718,50,381,8,23,837,135,65.46,1.2,9.18,0.19,0.55,20.16,3.25
35001004602,Bernalillo,Isleta Gun Club,40,4154,3218,60,113,31,0,558,174,77.47,1.44,2.72,0.75,0,13.43,4.19
35001004603,Bernalillo,,74,4130,3175,93,280,12,0,488,82,76.88,2.25,6.78,0.29,0,11.82,1.99
35001004604,Bernalillo,Isleta Gun Club,47,5597,4352,66,73,68,0,902,136,77.76,1.18,1.3,1.21,0,16.12,2.43
35001004712,Bernalillo,So. Ninetyeight,81,6633,4760,96,287,18,0,1281,191,71.76,1.45,4.33,0.27,0,19.31,2.88
35001004713,Bernalillo,Chavez OneEighteenth,101,6666,5169,247,177,6,0,793,274,77.54,3.71,2.66,0.09,0,11.9,4.11
35001004715,Bernalillo,Chavez OneEighteenth,52,4985,3565,52,62,0,0,1155,151,71.51,1.04,1.24,0,0,23.17,3.03
35001004716,Bernalillo,Alameda Coors,9,1968,1422,29,162,41,0,254,60,72.26,1.47,8.23,2.08,0,12.91,3.05
35001004717,Bernalillo,Alameda Coors,41,7987,5587,341,693,199,0,943,224,69.95,4.27,8.68,2.49,0,11.81,2.8
35001004720,Bernalillo,Irving Unser,17,3733,3128,79,25,158,0,175,168,83.79,2.12,0.67,4.23,0,4.69,4.5
35001004722,Bernalillo,Del Norte,28,4814,3595,39,642,178,0,222,138,74.68,0.81,13.34,3.7,0,4.61,2.87
35001004723,Bernalillo,Del Norte,46,6869,5773,141,16,344,0,293,302,84.04,2.05,0.23,5.01,0,4.27,4.4
35001004724,Bernalillo,Del Norte,14,3203,2672,44,64,105,0,132,186,83.42,1.37,2,3.28,0,4.12,5.81
35001004725,Bernalillo,Del Norte,17,4260,3931,0,51,6,0,130,142,92.28,0,1.2,0.14,0,3.05,3.33
35001004726,Bernalillo,Montano Coors,10,2324,1840,130,55,0,0,200,99,79.17,5.59,2.37,0,0,8.61,4.26
35001004727,Bernalillo,Montano Coors,12,1844,1569,86,19,22,0,132,16,85.09,4.66,1.03,1.19,0,7.16,0.87
35001004728,Bernalillo,Montano Coors,20,5423,4396,102,59,165,29,411,261,81.06,1.88,1.09,3.04,0.53,7.58,4.81
35001004729,Bernalillo,Montano Coors,22,3789,2930,319,138,58,0,141,203,77.33,8.42,3.64,1.53,0,3.72,5.36
35001004733,Bernalillo,Arenal Unser,75,7459,5214,40,240,0,0,1894,71,69.9,0.54,3.22,0,0,25.39,0.95
35001004734,Bernalillo,Arenal Unser,121,7548,5422,26,205,53,0,1789,53,71.83,0.34,2.72,0.7,0,23.7,0.7
35001004735,Bernalillo,,45,2167,1412,48,35,7,0,648,17,65.16,2.22,1.62,0.32,0,29.9,0.78
35001004736,Bernalillo,Chavez OneEighteenth,28,1529,873,0,111,0,0,545,0,57.1,0,7.26,0,0,35.64,0
35001004737,Bernalillo,Chavez OneEighteenth,91,7285,5208,389,259,23,25,917,464,71.49,5.34,3.56,0.32,0.34,12.59,6.37
35001004738,Bernalillo,,105,6132,3873,508,188,64,0,1085,414,63.16,8.28,3.07,1.04,0,17.69,6.75
35001004739,Bernalillo,So. Ninetyeight,111,7013,5112,87,256,159,0,1194,205,72.89,1.24,3.65,2.27,0,17.03,2.92
35001004740,Bernalillo,So. Ninetyeight,81,7113,4451,102,513,0,68,1605,374,62.58,1.43,7.21,0,0.96,22.56,5.26
35001004741,Bernalillo,So. Ninetyeight,97,7695,5293,245,508,53,0,1220,376,68.78,3.18,6.6,0.69,0,15.85,4.89
35001004742,Bernalillo,No. Ninetyeight,43,6181,4602,98,278,88,0,733,382,74.45,1.59,4.5,1.42,0,11.86,6.18
35001004743,Bernalillo,No. Ninetyeight,34,4172,3059,111,213,309,0,327,153,73.32,2.66,5.11,7.41,0,7.84,3.67
35001004744,Bernalillo,No. Ninetyeight,45,5819,4513,295,157,313,0,276,265,77.56,5.07,2.7,5.38,0,4.74,4.55
35001004745,Bernalillo,Alameda Coors,46,6436,5456,108,148,114,7,465,138,84.77,1.68,2.3,1.77,0.11,7.22,2.14
35001004746,Bernalillo,Alameda Coors,45,8590,5955,582,314,129,38,1211,361,69.32,6.78,3.66,1.5,0.44,14.1,4.2
35001004747,Bernalillo,Irving Unser,20,5372,4277,48,156,59,0,617,215,79.62,0.89,2.9,1.1,0,11.49,4
35001004748,Bernalillo,Irving Unser,53,10784,9237,133,194,140,0,647,433,85.65,1.23,1.8,1.3,0,6,4.02
35001004749,Bernalillo,No. Ninetyeight,32,4438,3036,392,286,25,0,514,185,68.41,8.83,6.44,0.56,0,11.58,4.17
35001004750,Bernalillo,No. Ninetyeight,46,6026,4228,359,280,0,0,728,431,70.16,5.96,4.65,0,0,12.08,7.15
35001004751,Bernalillo,Irving Unser,26,3672,2802,127,127,83,0,383,150,76.31,3.46,3.46,2.26,0,10.43,4.08
35001004752,Bernalillo,Irving Unser,19,3943,3091,75,102,226,0,291,158,78.39,1.9,2.59,5.73,0,7.38,4.01
35001004753,Bernalillo,Irving Unser,30,3996,3183,129,143,52,0,325,164,79.65,3.23,3.58,1.3,0,8.13,4.1
35001940500,Bernalillo,Paseo Ventura,10,3123,2683,141,104,51,0,89,55,85.91,4.51,3.33,1.63,0,2.85,1.76
35001940600,Bernalillo,Southwest,120,11788,6327,655,2222,693,0,1457,434,53.67,5.56,18.85,5.88,0,12.36,3.68
35001940700,Bernalillo,Southwest,17,2704,149,0,2353,27,0,60,115,5.51,0,87.02,1,0,2.22,4.25
35003976400,Sierra/Catron,,3,3539,3504,0,2,6,0,16,11,99.01,0,0.06,0.17,0,0.45,0.31
35005000201,Chaves,Roswell N.W.,28,3463,2651,110,63,0,0,600,39,76.55,3.18,1.82,0,0,17.33,1.13
35005000202,Chaves,Roswell S.E.,27,3734,3001,186,55,25,0,246,221,80.37,4.98,1.47,0.67,0,6.59,5.92
35005000300,Chaves,Roswell N.W.,39,6510,5183,107,117,322,14,650,117,79.62,1.64,1.8,4.95,0.22,9.98,1.8
35005000400,Chaves,Roswell S.E.,49,4608,4017,56,17,0,0,494,24,87.17,1.22,0.37,0,0,10.72,0.52
35005000500,Chaves,Roswell S.E.,20,2020,1690,53,7,0,0,208,62,83.66,2.62,0.35,0,0,10.3,3.07
35005000600,Chaves,Roswell S.E.,27,4432,3607,138,138,0,0,465,84,81.39,3.11,3.11,0,0,10.49,1.9
35005000700,Chaves,Roswell S.E.,31,4553,4106,32,13,14,0,248,140,90.18,0.7,0.29,0.31,0,5.45,3.07
35005000800,Chaves,Roswell N.W.,71,6021,4392,258,209,0,0,892,270,72.94,4.29,3.47,0,0,14.81,4.48
35005000900,Chaves,Roswell N.W.,36,3091,2785,0,53,0,0,213,40,90.1,0,1.71,0,0,6.89,1.29
35005001001,Chaves,Roswell N.W.,42,5652,5062,14,7,16,0,279,274,89.56,0.25,0.12,0.28,0,4.94,4.85
35005001002,Chaves,Roswell N.W.,21,4735,4565,12,3,1,0,88,66,96.41,0.25,0.06,0.02,0,1.86,1.39
35005001101,Chaves,,58,5558,4660,60,245,18,9,441,125,83.84,1.08,4.41,0.32,0.16,7.93,2.25
35005001102,Chaves,,37,3789,3183,29,77,0,0,391,109,84.01,0.77,2.03,0,0,10.32,2.88
35005001200,Chaves,,12,1608,1460,3,8,0,0,65,72,90.8,0.19,0.5,0,0,4.04,4.48
35005001300,Chaves,,19,3169,2923,48,39,9,0,97,53,92.24,1.51,1.23,0.28,0,3.06,1.67
35005001400,Chaves,,18,2516,2324,5,12,0,0,125,50,92.37,0.2,0.48,0,0,4.97,1.99
35006941500,Cibola,,29,2784,37,26,2689,0,6,5,21,1.33,0.93,96.59,0,0.22,0.18,0.75
35006945800,Cibola,N/A,76,2182,221,8,1902,5,0,16,30,10.13,0.37,87.17,0.23,0,0.73,1.37
35006946100,Cibola,,49,3976,72,0,3799,10,0,16,79,1.81,0,95.55,0.25,0,0.4,1.99
35006974201,Cibola,N/A,79,5169,2914,126,1378,29,0,536,186,56.37,2.44,26.66,0.56,0,10.37,3.6
35006974202,Cibola,,29,2805,1725,29,614,6,0,333,98,61.5,1.03,21.89,0.21,0,11.87,3.49
35006974400,Cibola,,25,4644,3396,30,494,28,0,532,164,73.13,0.65,10.64,0.6,0,11.46,3.53
35006974700,Cibola,,383,5418,4259,86,442,15,0,418,198,78.61,1.59,8.16,0.28,0,7.72,3.65
35007950500,Colfax/Union,,6,3689,3224,7,74,0,0,149,235,87.39,0.19,2.01,0,0,4.04,6.37
35007950600,Colfax,,1,3464,3093,3,99,9,0,217,43,89.29,0.09,2.86,0.26,0,6.26,1.24
35007950700,Colfax/Union,,11,5200,4356,57,72,33,0,546,136,83.77,1.1,1.38,0.63,0,10.5,2.62
35009000100,Curry,Clovis West,71,5056,2162,485,70,62,0,1824,453,42.76,9.59,1.38,1.23,0,36.08,8.96
35009000201,Curry,Clovis West,57,4723,2896,467,3,144,9,882,322,61.32,9.89,0.06,3.05,0.19,18.67,6.82
35009000202,Curry,Clovis West,71,3877,1877,156,18,57,0,1484,285,48.41,4.02,0.46,1.47,0,38.28,7.35
35009000301,Curry,Clovis East,86,6537,4427,673,20,0,0,1212,205,67.72,10.3,0.31,0,0,18.54,3.14
35009000303,Curry,Clovis East,41,4444,3492,224,44,89,48,386,161,78.58,5.04,0.99,2,1.08,8.69,3.62
35009000304,Curry,Clovis East,50,6004,5019,116,31,185,38,539,76,83.59,1.93,0.52,3.08,0.63,8.98,1.27
35009000400,Curry,Clovis East,67,4142,2331,131,51,48,0,1448,133,56.28,3.16,1.23,1.16,0,34.96,3.21
35009000500,Curry,Clovis West,43,2357,1035,72,114,12,2,1079,43,43.91,3.05,4.84,0.51,0.08,45.78,1.82
35009000601,Bernalillo,Indian School Pennsylvania,7,1082,951,0,64,0,0,63,4,87.89,0,5.91,0,0,5.82,0.37
35009000602,Roosevelt County/Curry County,,38,5350,4563,39,140,113,31,241,223,85.29,0.73,2.62,2.11,0.58,4.5,4.17
35009000603,Roosevelt/Curry,,49,4104,2973,106,0,13,0,843,169,72.44,2.58,0,0.32,0,20.54,4.12
35009000900,Military Bases,,9,2523,1829,248,0,92,0,104,250,72.49,9.83,0,3.65,0,4.12,9.91
35011960100,Quay/DeBaca/Harding,,0,2060,1536,33,0,6,0,334,151,74.56,1.6,0,0.29,0,16.21,7.33
35013000102,Dona Ana,Northwest Las Cruces,26,4158,3623,80,193,0,24,109,129,87.13,1.92,4.64,0,0.58,2.62,3.1
35013000103,Dona Ana,Northwest Las Cruces,39,4873,4263,89,221,0,0,291,9,87.48,1.83,4.54,0,0,5.97,0.18
35013000104,Dona Ana,Northwest Las Cruces,20,5001,4650,13,78,38,0,185,37,92.98,0.26,1.56,0.76,0,3.7,0.74
35013000201,Dona Ana,,179,5257,4710,116,115,47,0,191,78,89.59,2.21,2.19,0.89,0,3.63,1.48
35013000202,Dona Ana,Northwest Las Cruces,64,5845,5476,83,68,0,0,78,140,93.69,1.42,1.16,0,0,1.33,2.4
35013000300,Dona Ana,Central Las Cruces,24,3451,2855,195,51,15,0,266,69,82.73,5.65,1.48,0.43,0,7.71,2
35013000401,Dona Ana,Central Las Cruces,23,2710,2509,0,41,29,0,106,25,92.58,0,1.51,1.07,0,3.91,0.92
35013000402,Dona Ana,Central Las Cruces,40,4935,4576,69,0,0,0,141,149,92.73,1.4,0,0,0,2.86,3.02
35013000500,Dona Ana,Central Las Cruces,15,2200,1946,15,74,0,0,114,51,88.45,0.68,3.36,0,0,5.18,2.32
35013000600,Dona Ana,Central Las Cruces,17,2531,2248,62,36,33,0,130,22,88.82,2.45,1.42,1.3,0,5.14,0.87
35013000700,Dona Ana,University District,48,5784,4867,173,0,53,0,341,350,84.15,2.99,0,0.92,0,5.9,6.05
35013000800,Dona Ana,University District,45,3624,2673,356,136,182,0,165,112,73.76,9.82,3.75,5.02,0,4.55,3.09
35013000900,Dona Ana,University District,56,6962,5300,372,198,299,0,707,86,76.13,5.34,2.84,4.29,0,10.16,1.24
35013001000,Dona Ana,University District,16,3121,2631,168,111,62,0,56,93,84.3,5.38,3.56,1.99,0,1.79,2.98
35013001102,Dona Ana,Mesilla Picacho Mesilla Park,10,3122,2852,11,20,43,0,109,87,91.35,0.35,0.64,1.38,0,3.49,2.79
35013001103,Dona Ana,Mesilla Picacho Mesilla Park,16,4260,4017,9,20,67,0,135,12,94.3,0.21,0.47,1.57,0,3.17,0.28
35013001104,Dona Ana,Mesilla Picacho Mesilla Park,49,5586,5112,0,169,0,0,287,18,91.51,0,3.03,0,0,5.14,0.32
35013001201,Dona Ana,Sonoma Butterfield Moongate,147,17497,13607,1083,66,284,0,2027,430,77.77,6.19,0.38,1.62,0,11.58,2.46
35013001203,Dona Ana,Las Alturas Talavera,36,4850,4189,67,84,119,0,157,234,86.37,1.38,1.73,2.45,0,3.24,4.82
35013001204,Dona Ana,Las Alturas Talavera,19,4352,4048,66,0,93,16,43,86,93.01,1.52,0,2.14,0.37,0.99,1.98
35013001205,Dona Ana,Las Alturas Talavera,27,4530,3785,107,23,399,0,81,135,83.55,2.36,0.51,8.81,0,1.79,2.98
35013001303,Dona Ana,Dona Ana Fort Selden,63,7599,7051,64,6,52,0,426,0,92.79,0.84,0.08,0.68,0,5.61,0
35013001304,Dona Ana,Sonoma Butterfield Moongate,76,7985,6912,195,73,37,0,601,167,86.56,2.44,0.91,0.46,0,7.53,2.09
35013001305,Dona Ana,Sonoma Butterfield Moongate,22,5059,4790,25,78,0,19,147,0,94.68,0.49,1.54,0,0.38,2.91,0
35013001306,Dona Ana,Dona Ana Fort Selden,89,12799,11653,51,21,160,0,339,575,91.05,0.4,0.16,1.25,0,2.65,4.49
35013001307,Dona Ana,Dona Ana Fort Selden,42,6107,5333,112,30,39,0,501,92,87.33,1.83,0.49,0.64,0,8.2,1.51
35013001400,Dona Ana,Hatch and Surrounding Area,83,5042,4700,8,8,0,0,326,0,93.22,0.16,0.16,0,0,6.47,0
35013001500,Dona Ana,Hatch and Surrounding Area,34,6496,5816,59,178,27,2,269,145,89.53,0.91,2.74,0.42,0.03,4.14,2.23
35013001600,Dona Ana,South Valley,26,2725,2405,0,0,37,0,247,36,88.26,0,0,1.36,0,9.06,1.32
35013001701,Dona Ana,,176,9096,8215,44,34,45,0,722,36,90.31,0.48,0.37,0.49,0,7.94,0.4
35013001702,Dona Ana,South Valley,14,1566,1494,0,0,19,0,53,0,95.4,0,0,1.21,0,3.38,0
35013001703,Dona Ana,South Valley,26,3037,2957,0,38,0,0,42,0,97.37,0,1.25,0,0,1.38,0
35013001705,Dona Ana,Sunland Park,90,2932,2787,9,0,0,0,136,0,95.05,0.31,0,0,0,4.64,0
35013001706,Dona Ana,Sunland Park,88,4537,4111,0,36,0,0,339,51,90.61,0,0.79,0,0,7.47,1.12
35013001707,Dona Ana,Sunland Park,155,5733,5102,0,8,0,0,609,14,88.99,0,0.14,0,0,10.62,0.24
35013001801,Dona Ana,South Valley,97,5375,4797,0,127,0,0,291,160,89.25,0,2.36,0,0,5.41,2.98
35013001802,Dona Ana,Anthony Berino Chaparral,96,6890,6496,42,26,0,0,279,47,94.28,0.61,0.38,0,0,4.05,0.68
35013001804,Dona Ana,Anthony Berino Chaparral,90,6946,5462,0,0,0,0,1351,133,78.64,0,0,0,0,19.45,1.91
35013001805,Dona Ana,Anthony Berino Chaparral,85,3524,3214,0,74,0,0,236,0,91.2,0,2.1,0,0,6.7,0
35013001806,Dona Ana,Anthony Berino Chaparral,142,6104,5406,30,0,60,0,608,0,88.56,0.49,0,0.98,0,9.96,0
35013001900,Military Bases,,2,1137,739,314,0,37,0,5,42,65,27.62,0,3.25,0,0.44,3.69
35015000100,Eddy,Carlsbad,9,1734,1603,51,3,0,0,67,10,92.45,2.94,0.17,0,0,3.86,0.58
35015000200,Eddy,Carlsbad,28,5886,5463,30,102,89,0,31,171,92.81,0.51,1.73,1.51,0,0.53,2.91
35015000300,Eddy,Carlsbad,26,6468,6153,43,20,67,0,122,63,95.13,0.66,0.31,1.04,0,1.89,0.97
35015000401,Eddy,Carlsbad,19,3394,3190,0,63,0,0,141,0,93.99,0,1.86,0,0,4.15,0
35015000402,Eddy,Carlsbad,50,3956,3507,53,38,0,0,327,31,88.65,1.34,0.96,0,0,8.27,0.78
35015000500,Eddy,Carlsbad,13,3235,2827,202,24,0,0,135,47,87.39,6.24,0.74,0,0,4.17,1.45
35015000600,Eddy,Carlsbad,46,6204,5531,100,4,51,0,227,291,89.15,1.61,0.06,0.82,0,3.66,4.69
35015000700,Eddy,,52,5915,5191,174,117,0,0,372,61,87.76,2.94,1.98,0,0,6.29,1.03
35015000800,Eddy,,19,1964,1797,0,129,0,0,23,15,91.5,0,6.57,0,0,1.17,0.76
35015000900,Eddy,,11,5155,4628,62,89,18,0,315,43,89.78,1.2,1.73,0.35,0,6.11,0.83
35015001000,Eddy,,50,6992,6321,95,280,0,0,296,0,90.4,1.36,4,0,0,4.23,0
35015001100,Eddy,,45,6534,6062,81,0,0,0,268,123,92.78,1.24,0,0,0,4.1,1.88
35017964100,Hidalgo/Grant,,2,2309,2152,0,10,39,0,0,108,93.2,0,0.43,1.69,0,0,4.68
35017964200,Hidalgo/Grant,,2,1685,1685,0,0,0,0,0,0,100,0,0,0,0,0,0
35017964300,Grant,Silver City,20,6441,5789,47,175,8,4,184,234,89.88,0.73,2.72,0.12,0.06,2.86,3.63
35017964400,Grant,Silver City,16,4213,3983,9,30,32,0,35,124,94.54,0.21,0.71,0.76,0,0.83,2.94
35017964500,Hidalgo/Grant,,11,2945,2735,124,52,0,0,0,34,92.87,4.21,1.77,0,0,0,1.15
35017964600,Hidalgo/Grant,,3,2972,2851,17,57,0,0,47,0,95.93,0.57,1.92,0,0,1.58,0
35017964700,Grant,Silver City,10,5531,5188,0,276,0,2,40,25,93.8,0,4.99,0,0.04,0.72,0.45
35017964800,Hidalgo/Grant,,4,1965,1885,0,10,0,0,36,34,95.93,0,0.51,0,0,1.83,1.73
35019961600,Mora/Guadalupe/San Miguel East,,33,4382,3605,59,71,0,0,511,136,82.27,1.35,1.62,0,0,11.66,3.1
35021000100,Quay/DeBaca/Harding,,2,459,424,0,0,0,2,11,22,92.37,0,0,0,0.44,2.4,4.79
35023970000,Hidalgo County/Grant County,,17,1856,1820,13,7,0,0,12,4,98.06,0.7,0.38,0,0,0.65,0.22
35023970200,Hidalgo,"Hidalgo County/Grant County, Other",73,2515,2377,14,21,0,0,47,56,94.51,0.56,0.83,0,0,1.87,2.23
35025000100,Lea,,52,3461,2867,95,33,0,17,362,87,82.84,2.74,0.95,0,0.49,10.46,2.51
35025000200,Lea,Hobbs So.,48,4091,3551,49,43,0,0,211,237,86.8,1.2,1.05,0,0,5.16,5.79
35025000300,Lea,Hobbs So.,67,3993,3233,608,19,0,0,114,19,80.97,15.23,0.48,0,0,2.85,0.48
35025000400,Lea,Hobbs So.,48,3075,2413,479,12,0,0,141,30,78.47,15.58,0.39,0,0,4.59,0.98
35025000502,Lea,Hobbs No.,91,7207,6164,402,42,113,0,234,252,85.53,5.58,0.58,1.57,0,3.25,3.5
35025000503,Lea,Hobbs No.,39,3663,3167,208,20,28,0,142,98,86.46,5.68,0.55,0.76,0,3.88,2.68
35025000504,Lea,Hobbs No.,40,3772,3253,172,121,0,0,50,176,86.24,4.56,3.21,0,0,1.33,4.67
35025000600,Lea,Hobbs No.,66,7168,6382,247,3,0,0,436,100,89.03,3.45,0.04,0,0,6.08,1.4
35025000701,Lea,,28,1700,1636,8,0,12,0,38,6,96.24,0.47,0,0.71,0,2.24,0.35
35025000702,Lea,,41,4140,3799,103,118,2,10,92,16,91.76,2.49,2.85,0.05,0.24,2.22,0.39
35025000703,Lea,,36,2597,2298,84,11,0,0,104,100,88.49,3.23,0.42,0,0,4,3.85
35025000704,Lea,,48,2978,2831,0,11,0,0,94,42,95.06,0,0.37,0,0,3.16,1.41
35025000800,Lea,,29,3412,3303,0,98,0,0,11,0,96.81,0,2.87,0,0,0.32,0
35025000900,Lea,,24,2115,2051,0,38,0,0,15,11,96.97,0,1.8,0,0,0.71,0.52
35025001003,Lea,,101,4364,4069,37,7,0,0,147,104,93.24,0.85,0.16,0,0,3.37,2.38
35025001004,Lea,,61,4096,3672,62,21,0,0,296,45,89.65,1.51,0.51,0,0,7.23,1.1
35025001005,Lea,,39,3626,3019,130,19,0,0,447,11,83.26,3.59,0.52,0,0,12.33,0.3
35025001100,Lea,,57,4668,4437,23,12,0,0,108,88,95.05,0.49,0.26,0,0,2.31,1.89
35027960200,Lincoln,,3,1572,1275,4,175,2,0,0,116,81.11,0.25,11.13,0.13,0,0,7.38
35027960300,Lincoln,,15,2721,2567,24,25,0,0,28,77,94.34,0.88,0.92,0,0,1.03,2.83
35027960400,Lincoln,,77,7101,6818,67,0,0,0,90,126,96.01,0.94,0,0,0,1.27,1.77
35027960600,Lincoln,,51,6154,5708,18,127,89,0,60,152,92.75,0.29,2.06,1.45,0,0.97,2.47
35027960800,Lincoln,,13,1934,1868,66,0,0,0,0,0,96.59,3.41,0,0,0,0,0
35028000100,Los Alamos,,10,3620,3116,0,44,182,0,99,179,86.08,0,1.22,5.03,0,2.73,4.94
35028000200,Los Alamos,,5,5377,4514,0,20,226,0,283,334,83.95,0,0.37,4.2,0,5.26,6.21
35028000400,Los Alamos,,4,3478,2656,36,38,505,0,114,129,76.37,1.04,1.09,14.52,0,3.28,3.71
35028000500,Los Alamos,,4,5881,5400,0,99,83,0,71,228,91.82,0,1.68,1.41,0,1.21,3.88
35029000100,Luna,N/A,45,5708,5143,32,0,12,9,418,94,90.1,0.56,0,0.21,0.16,7.32,1.65
35029000200,Luna,,48,4003,3771,38,43,106,0,45,0,94.2,0.95,1.07,2.65,0,1.12,0
35029000300,Luna,,28,2268,1977,78,25,37,0,120,31,87.17,3.44,1.1,1.63,0,5.29,1.37
35029000400,Luna,,29,4949,4690,0,56,0,0,16,187,94.77,0,1.13,0,0,0.32,3.78
35029000500,Luna,N/A,36,4351,4030,35,79,13,0,93,101,92.62,0.8,1.82,0.3,0,2.14,2.32
35029000600,Luna,N/A,66,2985,2597,153,47,0,0,185,3,87,5.13,1.57,0,0,6.2,0.1
35031940300,Mckinley,SW,528,7792,57,0,7691,26,0,13,5,0.73,0,98.7,0.33,0,0.17,0.06
35031940500,Mckinley,SW,15,1768,93,4,1584,47,0,6,34,5.26,0.23,89.59,2.66,0,0.34,1.92
35031943500,Mckinley,,268,3830,161,14,3570,27,6,8,44,4.2,0.37,93.21,0.7,0.16,0.21,1.15
35031943600,McKinley,NW,395,5748,59,22,5535,6,1,2,123,1.03,0.38,96.29,0.1,0.02,0.03,2.14
35031943700,Mckinley,NW,49,4040,29,33,3954,2,0,7,15,0.72,0.82,97.87,0.05,0,0.17,0.37
35031943800,Mckinley,NW,225,6011,91,10,5786,27,0,0,97,1.51,0.17,96.26,0.45,0,0,1.61
35031943901,Mckinley,SW,60,4450,291,0,3970,4,1,36,148,6.54,0,89.21,0.09,0.02,0.81,3.33
35031943902,Mckinley,SW,197,4150,251,4,3657,0,0,224,14,6.05,0.1,88.12,0,0,5.4,0.34
35031944000,McKinley,Other,22,2224,18,0,2161,0,0,8,37,0.81,0,97.17,0,0,0.36,1.66
35031945200,Mckinley,Gallup,358,6487,1739,75,3671,64,13,759,166,26.81,1.16,56.59,0.99,0.2,11.7,2.56
35031945300,Mckinley,Gallup,128,2897,498,29,1768,6,0,418,178,17.19,1,61.03,0.21,0,14.43,6.14
35031945400,Mckinley,,102,2431,1063,106,643,135,6,201,277,43.73,4.36,26.45,5.55,0.25,8.27,11.39
35031945500,Mckinley,,186,6915,3661,143,1952,297,0,271,591,52.94,2.07,28.23,4.3,0,3.92,8.55
35031945600,Mckinley,Gallup,300,5477,1918,30,2733,100,0,554,142,35.02,0.55,49.9,1.83,0,10.12,2.59
35031945700,Mckinley,SW,103,2364,187,11,2121,0,0,28,17,7.91,0.47,89.72,0,0,1.18,0.72
35031946000,Mckinley,Other,312,5295,321,7,4726,5,1,83,152,6.06,0.13,89.25,0.09,0.02,1.57,2.87
35031973100,McKinley,,8,970,511,0,369,0,2,58,30,52.68,0,38.04,0,0.21,5.98,3.09
35033955200,Mora/Guadalupe/San Miguel East,,5,4563,2684,1,3,0,0,1839,36,58.82,0.02,0.07,0,0,40.3,0.79
35035000100,Otero,Alamogordo S.W.,2,1870,1405,137,40,6,0,217,65,75.13,7.33,2.14,0.32,0,11.6,3.48
35035000200,Otero,Alamogordo S.W.,5,1946,1418,129,16,8,0,313,62,72.87,6.63,0.82,0.41,0,16.08,3.19
35035000303,Otero,Alamogordo N.E.,6,2381,1989,122,61,14,0,60,135,83.54,5.12,2.56,0.59,0,2.52,5.67
35035000304,Otero,Alamogordo N.E.,4,3508,2948,147,0,49,0,53,311,84.04,4.19,0,1.4,0,1.51,8.87
35035000305,Otero,Alamogordo N.E.,15,4212,3291,337,148,27,0,368,41,78.13,8,3.51,0.64,0,8.74,0.97
35035000306,Otero,Alamogordo N.E.,11,3357,2590,204,24,45,0,168,326,77.15,6.08,0.71,1.34,0,5,9.71
35035000401,Otero,Alamogordo N.E.,6,3911,3684,84,3,26,0,60,54,94.2,2.15,0.08,0.66,0,1.53,1.38
35035000402,Otero,Alamogordo S.W,15,7373,5940,404,168,389,0,178,294,80.56,5.48,2.28,5.28,0,2.41,3.99
35035000500,Otero,Alamogordo S.W.,17,5037,4024,50,78,37,62,768,18,79.89,0.99,1.55,0.73,1.23,15.25,0.36
35035000601,Military Bases,,3,4046,3128,458,3,73,55,33,296,77.31,11.32,0.07,1.8,1.36,0.82,7.32
35035000602,Otero,,0,2866,2524,68,91,93,0,9,81,88.07,2.37,3.18,3.24,0,0.31,2.83
35035000603,Otero,,9,2426,2010,0,79,0,0,158,179,82.85,0,3.26,0,0,6.51,7.38
35035000700,Otero,,16,5514,4746,78,42,127,0,366,155,86.07,1.41,0.76,2.3,0,6.64,2.81
35035000901,Otero,,1,2673,2473,4,86,0,9,31,70,92.52,0.15,3.22,0,0.34,1.16,2.62
35035000902,Otero,N/A,1051,10895,9154,132,78,41,26,1332,132,84.02,1.21,0.72,0.38,0.24,12.23,1.21
35035940000,Otero,Other,53,3730,215,4,3468,6,0,7,30,5.76,0.11,92.98,0.16,0,0.19,0.8
35037958601,Quay/DeBaca/Harding,,14,2955,2583,115,55,28,0,174,0,87.41,3.89,1.86,0.95,0,5.89,0
35037958602,Quay/DeBaca/Harding,,14,2880,2578,13,61,45,19,87,77,89.51,0.45,2.12,1.56,0.66,3.02,2.67
35037958900,Quay/DeBaca/Harding,,23,2538,2390,0,41,17,0,55,35,94.17,0,1.62,0.67,0,2.17,1.38
35039000100,Rio Arriba,Espanola and Pueblos,2,3037,1243,0,42,1,0,1751,0,40.93,0,1.38,0.03,0,57.66,0
35039000200,Rio Arriba,Espanola and Pueblos,19,3664,2798,11,68,20,0,644,123,76.36,0.3,1.86,0.55,0,17.58,3.36
35039000300,Rio Arriba,Espanola and Pueblos,14,5834,4180,51,0,0,3,1600,0,71.65,0.87,0,0,0.05,27.43,0
35039000400,Rio Arriba,North,7,4159,1934,0,193,0,0,1946,86,46.5,0,4.64,0,0,46.79,2.07
35039000500,Rio Arriba,North,17,3662,1837,43,232,52,0,1474,24,50.16,1.17,6.34,1.42,0,40.25,0.66
35039940700,Rio Arriba,Espanola and Pueblos,6,3510,2614,30,77,60,0,591,138,74.47,0.85,2.19,1.71,0,16.84,3.93
35039940800,Rio Arriba,Espanola and Pueblos,7,5247,3437,9,993,9,0,597,202,65.5,0.17,18.93,0.17,0,11.38,3.85
35039941000,Rio Arriba,,197,3653,295,46,3209,0,0,52,51,8.08,1.26,87.85,0,0,1.42,1.4
35039944100,Rio Arriba,Espanola and Pueblos,19,6541,3044,47,1604,46,2,1517,281,46.54,0.72,24.52,0.7,0.03,23.19,4.3
35041000100,Roosevelt,"Roosevelt County/Curry County, Other",51,4512,3226,177,0,39,0,780,290,71.5,3.92,0,0.86,0,17.29,6.43
35041000200,Roosevelt,"Roosevelt County/Curry County, Other",58,3519,2362,0,56,0,0,988,113,67.12,0,1.59,0,0,28.08,3.21
35041000300,Roosevelt/Curry,,32,4330,3224,310,13,52,0,415,316,74.46,7.16,0.3,1.2,0,9.58,7.3
35041000401,Roosevelt/Curry,,15,3293,2566,24,24,19,0,621,39,77.92,0.73,0.73,0.58,0,18.86,1.18
35041000402,Roosevelt/Curry,,20,3463,2837,11,11,0,0,473,131,81.92,0.32,0.32,0,0,13.66,3.78
35043010503,Sandoval,Bernalillo/Placitas,27,3573,2045,62,232,0,0,1149,85,57.23,1.74,6.49,0,0,32.16,2.38
35043010601,Sandoval,Corrales,18,4883,4229,94,89,117,0,189,165,86.61,1.93,1.82,2.4,0,3.87,3.38
35043010602,Sandoval,Corrales,16,3661,3287,6,60,76,0,146,86,89.78,0.16,1.64,2.08,0,3.99,2.35
35043010702,Sandoval,"Rio Rancho Blvd, No.",29,6809,5290,101,412,74,0,768,164,77.69,1.48,6.05,1.09,0,11.28,2.41
35043010703,Sandoval,"Rio Rancho Blvd, No.",41,9773,7829,186,381,102,67,700,508,80.11,1.9,3.9,1.04,0.69,7.16,5.2
35043010705,Sandoval,Rio Rancho So.,20,5097,4449,170,97,17,0,209,155,87.29,3.34,1.9,0.33,0,4.1,3.04
35043010712,Sandoval,Rio Rancho So.,36,5015,3945,156,184,75,0,355,300,78.66,3.11,3.67,1.5,0,7.08,5.98
35043010713,Sandoval,Rio Rancho West,27,5538,4139,168,156,68,0,781,226,74.74,3.03,2.82,1.23,0,14.1,4.08
35043010714,Sandoval,"Rio Rancho Blvd, So.",20,4737,4057,74,77,99,0,236,194,85.64,1.56,1.63,2.09,0,4.98,4.1
35043010715,Sandoval,"Rio Rancho Blvd, So.",18,3509,2958,146,110,12,0,145,138,84.3,4.16,3.13,0.34,0,4.13,3.93
35043010716,Sandoval,"Rio Rancho Blvd, So.",31,6253,4992,70,235,157,0,643,156,79.83,1.12,3.76,2.51,0,10.28,2.49
35043010717,Sandoval,"Rio Rancho Blvd, No.",72,9158,7346,79,94,337,35,870,397,80.21,0.86,1.03,3.68,0.38,9.5,4.34
35043010718,Sandoval,"Rio Rancho Blvd, No.",31,6990,5646,185,240,31,54,351,483,80.77,2.65,3.43,0.44,0.77,5.02,6.91
35043010719,Sandoval,Rio Rancho So.,23,4070,3445,40,84,34,0,432,35,84.64,0.98,2.06,0.84,0,10.61,0.86
35043010720,Sandoval,Rio Rancho So.,29,9831,7624,320,231,325,0,511,820,77.55,3.26,2.35,3.31,0,5.2,8.34
35043010721,Sandoval,Rio Rancho West,22,4384,3243,257,92,37,21,365,369,73.97,5.86,2.1,0.84,0.48,8.33,8.42
35043010722,Sandoval,Rio Rancho West,39,6107,5115,173,131,189,0,350,149,83.76,2.83,2.15,3.09,0,5.73,2.44
35043010723,Sandoval,Rio Rancho West,56,12003,9248,733,266,122,59,1242,333,77.05,6.11,2.22,1.02,0.49,10.35,2.77
35043010900,Sandoval,Other West,112,2507,1070,13,811,0,0,526,87,42.68,0.52,32.35,0,0,20.98,3.47
35043011000,Sandoval,,4,1934,870,25,847,6,0,129,57,44.98,1.29,43.8,0.31,0,6.67,2.95
35043011100,Sandoval,Bernalillo/Placitas,16,6251,4569,0,1215,28,4,177,258,73.09,0,19.44,0.45,0.06,2.83,4.13
35043011200,Sandoval,,119,2723,1288,12,1216,37,0,145,25,47.3,0.44,44.66,1.36,0,5.33,0.92
35043940200,Sandoval,Other East,91,3407,162,4,2960,0,0,45,236,4.75,0.12,86.88,0,0,1.32,6.93
35043940300,Los Alamos County,,,0,0,0,0,0,0,0,0,,,,,,,
35043940500,Sandoval,Bernalillo/Placitas,36,4303,2689,24,203,0,3,1295,89,62.49,0.56,4.72,0,0.07,30.1,2.07
35043940600,Sandoval,,9,2049,5,0,2024,0,0,1,19,0.24,0,98.78,0,0,0.05,0.93
35043940700,Sandoval,,171,3544,796,0,2632,0,0,110,6,22.46,0,74.27,0,0,3.1,0.17
35043940900,Sandoval,Other West,23,2660,55,0,2574,0,0,15,16,2.07,0,96.77,0,0,0.56,0.6
35045000100,San Juan,Farmington Southeast,77,4877,2784,0,1601,11,0,272,209,57.08,0,32.83,0.23,0,5.58,4.29
35045000201,San Juan,Farmington North,27,4122,3704,69,118,52,11,52,116,89.86,1.67,2.86,1.26,0.27,1.26,2.81
35045000202,San Juan,,112,5181,4057,23,633,89,0,107,272,78.31,0.44,12.22,1.72,0,2.07,5.25
35045000204,San Juan,Farmington North,30,2040,1467,0,377,3,2,161,30,71.91,0,18.48,0.15,0.1,7.89,1.47
35045000205,San Juan,Farmington Southeast,123,6217,3900,0,1943,117,0,175,82,62.73,0,31.25,1.88,0,2.81,1.32
35045000301,San Juan,Farmington North,65,5009,3231,148,1113,127,0,190,200,64.5,2.95,22.22,2.54,0,3.79,3.99
35045000302,San Juan,Farmington Southeast,53,3491,2412,8,839,22,0,15,195,69.09,0.23,24.03,0.63,0,0.43,5.59
35045000401,San Juan,Farmington West/Kirtland/La Plata,74,4958,3322,171,1073,64,0,113,215,67,3.45,21.64,1.29,0,2.28,4.34
35045000402,San Juan,,180,3797,1561,34,1791,11,0,253,147,41.11,0.9,47.17,0.29,0,6.66,3.87
35045000503,San Juan,,102,3151,911,0,1874,35,0,133,198,28.91,0,59.47,1.11,0,4.22,6.28
35045000504,San Juan,,95,1981,776,104,887,0,0,183,31,39.17,5.25,44.78,0,0,9.24,1.56
35045000505,San Juan,,289,6170,2418,12,3414,76,0,157,93,39.19,0.19,55.33,1.23,0,2.54,1.51
35045000607,San Juan,,300,4562,2007,54,1880,0,0,440,181,43.99,1.18,41.21,0,0,9.64,3.97
35045000608,San Juan,North/Aztec,60,6502,4580,0,1423,157,14,221,107,70.44,0,21.89,2.41,0.22,3.4,1.65
35045000609,San Juan,North/Aztec,9,1385,1250,0,29,10,0,42,54,90.25,0,2.09,0.72,0,3.03,3.9
35045000610,San Juan,North/Aztec,29,4299,2971,23,940,9,0,221,135,69.11,0.54,21.87,0.21,0,5.14,3.14
35045000611,San Juan,North/Aztec,13,3570,3306,0,111,9,0,85,59,92.61,0,3.11,0.25,0,2.38,1.65
35045000612,San Juan,North/Aztec,14,2240,1660,0,195,9,0,329,47,74.11,0,8.71,0.4,0,14.69,2.1
35045000613,San Juan,North/Aztec,37,3979,3505,0,209,17,38,210,0,88.09,0,5.25,0.43,0.96,5.28,0
35045000702,San Juan,South,4,1370,1200,73,40,16,0,41,0,87.59,5.33,2.92,1.17,0,2.99,0
35045000705,San Juan,Northeast/Bloomfield,40,4102,3056,26,808,8,0,89,115,74.5,0.63,19.7,0.2,0,2.17,2.8
35045000706,San Juan,Northeast/Bloomfield,10,2908,2256,0,63,0,0,517,72,77.58,0,2.17,0,0,17.78,2.48
35045000707,San Juan,Northeast/Bloomfield,48,4042,2393,0,1199,40,0,350,60,59.2,0,29.66,0.99,0,8.66,1.48
35045000708,San Juan,Northeast/Bloomfield,58,4710,3119,17,934,0,0,395,245,66.22,0.36,19.83,0,0,8.39,5.2
35045000900,San Juan,South,13,2287,1719,0,189,3,0,326,50,75.16,0,8.26,0.13,0,14.25,2.19
35045942801,San Juan,West,7,2705,25,0,2670,2,0,0,8,0.92,0,98.71,0.07,0,0,0.3
35045942802,San Juan,,652,6751,103,12,6566,11,10,7,42,1.53,0.18,97.26,0.16,0.15,0.1,0.62
35045942803,San Juan,West,12,2745,62,10,2626,38,0,6,3,2.26,0.36,95.66,1.38,0,0.22,0.11
35045942900,San Juan,West,142,4475,32,16,4307,44,0,9,67,0.72,0.36,96.25,0.98,0,0.2,1.5
35045943000,San Juan,,170,4573,51,8,4447,0,0,9,58,1.12,0.17,97.24,0,0,0.2,1.27
35045943100,San Juan,South,6,1795,40,0,1668,2,0,0,85,2.23,0,92.92,0.11,0,0,4.74
35045943201,San Juan,South,102,5324,813,8,4186,0,0,192,125,15.27,0.15,78.63,0,0,3.61,2.35
35045943300,San Juan,Farmington West/Kirtland/La Plata,24,2137,1666,0,371,6,0,19,75,77.96,0,17.36,0.28,0,0.89,3.51
35047957200,San Miguel,Las Vegas,4,3890,2118,7,27,0,0,1489,249,54.45,0.18,0.69,0,0,38.28,6.4
35047957300,San Miguel,Las Vegas,7,2742,1716,175,88,104,0,580,79,62.58,6.38,3.21,3.79,0,21.15,2.88
35047957400,San Miguel,Las Vegas,13,4464,2714,45,76,16,0,1517,96,60.8,1.01,1.7,0.36,0,33.98,2.15
35047957500,Mora/Guadalupe/San Miguel East,,4,4363,2210,75,78,53,46,1782,119,50.65,1.72,1.79,1.21,1.05,40.84,2.73
35047957600,San Miguel,Pecos/Villanueva,4,6565,3769,43,21,0,0,2402,330,57.41,0.65,0.32,0,0,36.59,5.03
35047957700,San Miguel,N/A,3,1873,645,0,6,76,0,1146,0,34.44,0,0.32,4.06,0,61.19,0
35047957800,San Miguel,Las Vegas,14,4137,2331,31,74,126,13,1399,163,56.35,0.75,1.79,3.05,0.31,33.82,3.94
35049000101,Santa Fe,Opera Vicinity,8,4025,3800,42,20,33,0,64,66,94.41,1.04,0.5,0.82,0,1.59,1.64
35049000200,Santa Fe,Opera Vicinity,9,3719,3545,44,26,26,0,18,60,95.32,1.18,0.7,0.7,0,0.48,1.61
35049000300,Santa Fe,Agua Fria Neighborhood + Downtown,8,1643,1511,4,38,39,0,13,38,91.97,0.24,2.31,2.37,0,0.79,2.31
35049000400,Santa Fe,Agua Fria Neighborhood & Downtown,3,295,278,0,7,0,0,7,3,94.24,0,2.37,0,0,2.37,1.02
35049000500,Santa Fe,Agua Fria Neighborhood + Downtown,3,1907,1816,9,3,60,0,5,14,95.23,0.47,0.16,3.15,0,0.26,0.73
35049000600,Santa Fe,Agua Fria Neighborhood + Downtown,4,2140,2023,0,53,25,0,7,32,94.53,0,2.48,1.17,0,0.33,1.5
35049000700,Santa Fe,Agua Fria Neighborhood + Downtown,7,1787,1345,40,37,36,0,231,98,75.27,2.24,2.07,2.01,0,12.93,5.48
35049000800,Santa Fe,Agua Fria Neighborhood + Downtown,1,3130,2421,30,65,12,0,263,339,77.35,0.96,2.08,0.38,0,8.4,10.83
35049000900,Santa Fe,Agua Fria Neighborhood + Downtown,8,3455,3067,0,180,11,0,71,126,88.77,0,5.21,0.32,0,2.05,3.65
35049001001,Santa Fe,Agua Fria Neighborhood + Downtown,6,2050,1700,20,112,10,0,144,64,82.93,0.98,5.46,0.49,0,7.02,3.12
35049001002,Santa Fe,Agua Fria Neighborhood + Downtown,26,3652,3327,44,84,44,0,85,68,91.1,1.2,2.3,1.2,0,2.33,1.86
35049001102,Santa Fe,Agua Fria Village,17,3347,2811,6,88,86,0,222,134,83.99,0.18,2.63,2.57,0,6.63,4
35049001103,Santa Fe,Bellamah/Stamm,15,1686,1416,36,125,4,0,78,27,83.99,2.14,7.41,0.24,0,4.63,1.6
35049001105,Santa Fe,Bellamah/Stamm,8,2450,1755,107,138,34,0,340,76,71.63,4.37,5.63,1.39,0,13.88,3.1
35049001106,Santa Fe,Bellamah/Stamm,26,2976,2668,0,48,17,0,142,101,89.65,0,1.61,0.57,0,4.77,3.39
35049001107,Santa Fe,Bellamah/Stamm,31,4840,4321,0,79,0,0,191,249,89.28,0,1.63,0,0,3.95,5.14
35049001202,Santa Fe,Agua Fria Village,28,6219,5230,55,51,194,0,636,53,84.1,0.88,0.82,3.12,0,10.23,0.85
35049001203,Santa Fe,Agua Fria Village,32,2946,2543,0,78,12,0,218,95,86.32,0,2.65,0.41,0,7.4,3.22
35049001204,Santa Fe,Agua Fria Village,86,6581,5631,0,86,43,10,619,192,85.56,0,1.31,0.65,0.15,9.41,2.92
35049001205,Santa Fe,Airport Road,68,5477,4873,16,61,7,8,408,104,88.97,0.29,1.11,0.13,0.15,7.45,1.9
35049001301,Santa Fe,Airport Road,4,1748,1466,10,93,32,0,109,38,83.87,0.57,5.32,1.83,0,6.24,2.17
35049001302,Santa Fe,Airport Road,26,2554,2005,226,74,25,0,184,40,78.5,8.85,2.9,0.98,0,7.2,1.57
35049001303,Santa Fe,Airport Road,29,7419,6615,200,66,50,141,224,123,89.16,2.7,0.89,0.67,1.9,3.02,1.66
35049001304,Santa Fe,Airport Road,5,912,706,6,48,0,0,147,5,77.41,0.66,5.26,0,0,16.12,0.55
35049010102,Santa Fe,Pueblos Plus,4,4186,1971,0,136,0,0,1903,176,47.09,0,3.25,0,0,45.46,4.2
35049010203,Santa Fe,Pueblos Plus,1,1023,829,6,20,0,0,77,91,81.04,0.59,1.96,0,0,7.53,8.9
35049010204,Santa Fe,Pueblos Plus,4,2159,1903,80,51,8,0,85,32,88.14,3.71,2.36,0.37,0,3.94,1.48
35049010304,Santa Fe,Opera Vicinity,10,3875,3315,30,228,24,0,254,24,85.55,0.77,5.88,0.62,0,6.55,0.62
35049010308,Santa Fe,South,13,2592,2033,4,21,0,0,419,115,78.43,0.15,0.81,0,0,16.17,4.44
35049010309,Santa Fe,South,4,1952,1709,0,6,38,0,165,34,87.55,0,0.31,1.95,0,8.45,1.74
35049010310,Santa Fe,South,6,1349,1258,0,39,0,0,0,52,93.25,0,2.89,0,0,0,3.85
35049010311,Santa Fe,South,11,4416,4101,9,29,0,0,80,197,92.87,0.2,0.66,0,0,1.81,4.46
35049010312,Santa Fe,South,17,4592,4380,0,0,23,0,161,28,95.38,0,0,0.5,0,3.51,0.61
35049010314,Santa Fe,Bellamah/Stamm,14,2123,1953,4,17,8,0,77,64,91.99,0.19,0.8,0.38,0,3.63,3.01
35049010315,Santa Fe,Bellamah/Stamm,6,2446,2161,14,14,49,0,49,159,88.35,0.57,0.57,2,0,2,6.5
35049010316,Santa Fe,Bellamah/Stamm,7,1478,1322,14,5,16,0,54,67,89.45,0.95,0.34,1.08,0,3.65,4.53
35049010400,Santa Fe,East Foothills + Eldorado,10,3261,2894,25,48,98,4,172,20,88.75,0.77,1.47,3.01,0.12,5.27,0.61
35049010500,Santa Fe,East Foothills + Eldorado,8,1788,1693,0,18,11,0,56,10,94.69,0,1.01,0.62,0,3.13,0.56
35049010601,Santa Fe,East Foothills + Eldorado,17,5841,4758,26,104,536,0,347,70,81.46,0.45,1.78,9.18,0,5.94,1.2
35049010602,Santa Fe,East Foothills + Eldorado,2,3143,2909,0,95,43,0,30,66,92.55,0,3.02,1.37,0,0.95,2.1
35049010603,Santa Fe,East Foothills + Eldorado,12,2112,1803,7,43,0,0,125,134,85.37,0.33,2.04,0,0,5.92,6.34
35049010700,Santa Fe,East Foothills + Eldorado,9,5277,4766,178,28,86,0,136,83,90.32,3.37,0.53,1.63,0,2.58,1.57
35049010800,Santa Fe,East Foothills + Eldorado,4,3042,2687,11,24,11,0,300,9,88.33,0.36,0.79,0.36,0,9.86,0.3
35049010900,Santa Fe,Opera Vicinity,12,3196,2916,46,26,34,0,89,85,91.24,1.44,0.81,1.06,0,2.78,2.66
35049940300,Santa Fe,Pueblos Plus,3,1881,894,16,719,9,2,202,39,47.53,0.85,38.22,0.48,0.11,10.74,2.07
35049940400,Santa Fe,Pueblos Plus,5,1468,792,0,415,30,3,222,6,53.95,0,28.27,2.04,0.2,15.12,0.41
35049940500,Santa Fe,Pueblos Plus,3,1613,794,4,452,0,4,278,81,49.23,0.25,28.02,0,0.25,17.23,5.02
35049940600,Santa Fe,Pueblos Plus,16,3333,2018,25,441,12,3,667,167,60.55,0.75,13.23,0.36,0.09,20.01,5.01
35049940900,Santa Fe,Pueblos Plus,20,2936,1319,62,52,49,0,1394,60,44.93,2.11,1.77,1.67,0,47.48,2.04
35049980000,Santa Fe County,State Pen,,877,319,40,45,0,0,364,109,36.37,4.56,5.13,0,0,41.51,12.43
35051962200,Sierra,N/A,8,3156,2567,8,312,46,0,159,64,81.34,0.25,9.89,1.46,0,5.04,2.03
35051962300,Sierra/Catron,,10,3258,2921,57,46,24,0,112,98,89.66,1.75,1.41,0.74,0,3.44,3.01
35051962401,Sierra/Catron,,6,2170,2152,0,18,0,0,0,0,99.17,0,0.83,0,0,0,0
35051962402,Sierra/Catron,,9,2551,2365,0,0,0,0,39,147,92.71,0,0,0,0,1.53,5.76
35053940000,Socorro,N/A,27,1085,10,0,1075,0,0,0,0,0.92,0,99.08,0,0,0,0
35053978100,Socorro,,10,4964,4165,0,300,87,0,54,358,83.9,0,6.04,1.75,0,1.09,7.21
35053978200,Socorro,,23,1180,1130,0,22,0,0,8,20,95.76,0,1.86,0,0,0.68,1.69
35053978301,Socorro,,6,3238,2681,0,142,187,0,140,88,82.8,0,4.39,5.78,0,4.32,2.72
35053978302,Socorro,N/A,4,2918,2276,63,93,233,0,140,113,78,2.16,3.19,7.98,0,4.8,3.87
35053978303,Socorro,N/A,9,3615,3050,0,283,0,0,185,97,84.37,0,7.83,0,0,5.12,2.68
35055940000,Taos,Downtown and High Road,7,2216,1562,0,334,3,1,281,35,70.49,0,15.07,0.14,0.05,12.68,1.58
35055940100,Taos,Downtown and High Road,35,9421,7324,40,1518,28,0,324,187,77.74,0.42,16.11,0.3,0,3.44,1.98
35055952100,Taos,Northwest,31,4816,4604,0,33,0,0,177,2,95.6,0,0.69,0,0,3.68,0.04
35055952300,Taos,Northwest,1,2521,2419,0,13,0,0,49,40,95.95,0,0.52,0,0,1.94,1.59
35055952600,Taos,Downtown and High Road,13,8009,6865,82,419,46,0,255,342,85.72,1.02,5.23,0.57,0,3.18,4.27
35055952700,Taos,Downtown and High Road,24,5905,5255,30,58,0,0,562,0,88.99,0.51,0.98,0,0,9.52,0
35057963201,Torrance,,7,3630,3189,146,3,0,0,79,213,87.85,4.02,0.08,0,0,2.18,5.87
35057963202,Torrance,,18,3609,3210,82,110,31,0,57,119,88.94,2.27,3.05,0.86,0,1.58,3.3
35057963600,Torrance,,76,6474,6090,39,42,0,0,138,165,94.07,0.6,0.65,0,0,2.13,2.55
35057963700,Torrance,,7,1882,1789,6,11,26,0,33,17,95.06,0.32,0.58,1.38,0,1.75,0.9
35059950200,Colfax/Union,,32,4175,3543,82,92,2,0,298,158,84.86,1.96,2.2,0.05,0,7.14,3.78
35061940300,Valencia,NE,6,1058,58,0,966,0,0,4,30,5.48,0,91.3,0,0,0.38,2.84
35061970101,Valencia,NE,49,4253,3676,0,28,0,0,363,186,86.43,0,0.66,0,0,8.54,4.37
35061970102,Valencia,NE,31,6500,5281,0,53,218,0,836,112,81.25,0,0.82,3.35,0,12.86,1.72
35061970200,Valencia,NE,13,3827,3219,11,195,50,0,202,150,84.11,0.29,5.1,1.31,0,5.28,3.92
35061970301,Valencia,SE,117,7072,4662,0,173,0,0,2021,216,65.92,0,2.45,0,0,28.58,3.05
35061970302,Valencia,SE,5,2778,2091,116,34,20,0,390,127,75.27,4.18,1.22,0.72,0,14.04,4.57
35061970303,Valencia,SE,22,6486,5744,0,64,0,0,490,188,88.56,0,0.99,0,0,7.55,2.9
35061970401,Valencia,Los Lunas,22,5044,3905,150,169,91,0,532,197,77.42,2.97,3.35,1.8,0,10.55,3.91
35061970404,Valencia,Los Lunas,30,4654,4099,51,40,5,0,268,191,88.07,1.1,0.86,0.11,0,5.76,4.1
35061970405,Valencia,Los Lunas,29,3819,3174,211,87,40,0,159,148,83.11,5.53,2.28,1.05,0,4.16,3.88
35061970700,Valencia,West and Belen,32,7136,5891,60,355,0,0,521,309,82.55,0.84,4.97,0,0,7.3,4.33
35061970800,Valencia,West and Belen,14,5760,4945,18,543,54,0,157,43,85.85,0.31,9.43,0.94,0,2.73,0.75
35061970901,Valencia,West and Belen,19,4962,4060,60,233,7,0,448,154,81.82,1.21,4.7,0.14,0,9.03,3.1
35061970902,Valencia,West and Belen,7,1856,1623,37,0,0,0,165,31,87.45,1.99,0,0,0,8.89,1.67
35061971000,Valencia,SE,19,4587,3910,32,149,0,0,496,0,85.24,0.7,3.25,0,0,10.81,0
35061971100,Valencia,SE,19,1328,1170,0,0,0,0,134,24,88.1,0,0,0,0,10.09,1.81
35061971300,Valencia,West and Belen,14,1712,1425,27,49,0,0,177,34,83.24,1.58,2.86,0,0,10.34,1.99
35061971400,Valencia,Los Lunas,20,3124,2458,66,118,158,0,168,156,78.68,2.11,3.78,5.06,0,5.38,4.99